Id,SalePrice
1461,4.0969649756367456e+17
1462,5.663174232539979e+17
1463,5.3715604543304557e+17
1464,5.3002490244947264e+17
1465,5.3985851422861165e+17
1466,4.990741085615701e+17
1467,5.0721538618742317e+17
1468,4.667281923754709e+17
1469,5.6971730594220346e+17
1470,3.9323048558728486e+17
1471,5.6930902366543194e+17
1472,3.051678458535231e+17
1473,3.367071462354314e+17
1474,4.8400247214613926e+17
1475,3.5106419349280666e+17
1476,8.256623476244024e+17
1477,6.48376931522492e+17
1478,7.140270147066171e+17
1479,7.653679208857199e+17
1480,1.1410488387592522e+18
1481,8.267010117738694e+17
1482,5.75522444206384e+17
1483,5.559916174453168e+17
1484,4.809661647490685e+17
1485,4.4950994969028045e+17
1486,5.3314671841539674e+17
1487,8.57391786094119e+17
1488,6.697935270586044e+17
1489,5.114786933901612e+17
1490,6.290641298309e+17
1491,5.1481055280899354e+17
1492,4.293209122133283e+17
1493,8.07571296838154e+17
1494,9.451884834649386e+17
1495,7.639192759286931e+17
1496,6.364289570534639e+17
1497,5.2099351760900045e+17
1498,3.746336971585064e+17
1499,3.8386310986758925e+17
1500,3.826999837367734e+17
1501,4.730473414104047e+17
1502,3.349026671563407e+17
1503,5.996932559707927e+17
1504,5.886079098112428e+17
1505,6.339644268682152e+17
1506,7.725675778956662e+17
1507,7.910089622522799e+17
1508,6.782035109428087e+17
1509,5.414525483600721e+17
1510,5.235786097809938e+17
1511,5.171375193291938e+17
1512,6.431007190148453e+17
1513,6.172031171686762e+17
1514,7.390132396164168e+17
1515,9.400854095899962e+17
1516,5.434033515497693e+17
1517,4.83162931925546e+17
1518,6.735729262708602e+17
1519,6.320891277568018e+17
1520,5.201867513155904e+17
1521,5.147814951407599e+17
1522,6.774907411458404e+17
1523,4.505345123215778e+17
1524,4.542674867647017e+17
1525,4.139503461761721e+17
1526,4.196354404153805e+17
1527,4.2270834502951917e+17
1528,4.6366055421264544e+17
1529,5.6903806848115424e+17
1530,6.4507961427955e+17
1531,6.338340443867052e+17
1532,3.982177941474678e+17
1533,7.838448388453167e+17
1534,4.322107783761808e+17
1535,5.596031728661304e+17
1536,4.8490646639711885e+17
1537,3.528011135129651e+17
1538,5.1792689474189e+17
1539,7.263857727971684e+17
1540,7.060094513411401e+17
1541,4.904873260807817e+17
1542,5.5705895503520326e+17
1543,6.743705110167116e+17
1544,3.229244630957959e+17
1545,3.667164048354627e+17
1546,4.342830186117368e+17
1547,5.386258296231403e+17
1548,4.5761062604438624e+17
1549,3.3157314968171866e+17
1550,5.154714610178432e+17
1551,4.5580218539962157e+17
1552,5.880198423660305e+17
1553,4.837796949224586e+17
1554,4.105925103061185e+17
1555,7.15828153249827e+17
1556,4.0519857033132077e+17
1557,5.5415669388176205e+17
1558,3.1913449364595437e+17
1559,5.901213446703205e+17
1560,5.5041299110062624e+17
1561,7.755920316273545e+17
1562,4.726498739405007e+17
1563,3.6972942965593446e+17
1564,5.895218412150538e+17
1565,5.4003215489496877e+17
1566,6.338910593618514e+17
1567,3.195993954408668e+17
1568,6.507137056017276e+17
1569,6.954120732657119e+17
1570,5.388694324038039e+17
1571,1.0664093287403348e+18
1572,5.0066418787380154e+17
1573,6.452554168770591e+17
1574,5.4613828386079904e+17
1575,6.145358017120026e+17
1576,5.807286536395007e+17
1577,5.133723238272632e+17
1578,4.753858055584653e+17
1579,4.1509704045778765e+17
1580,5.3827484096763635e+17
1581,5.709553062592947e+17
1582,3.721394724019904e+17
1583,8.456186067594222e+17
1584,6.49612230299401e+17
1585,3.620925211503268e+17
1586,2.829563547320424e+17
1587,4.3012946155989894e+17
1588,5.1177642346673606e+17
1589,3.993495208783058e+17
1590,4.6690495453163994e+17
1591,4.0313591597253504e+17
1592,5.496120000028494e+17
1593,3.615840081595271e+17
1594,7.392381128343155e+17
1595,5.300497078858646e+17
1596,7.440330586011105e+17
1597,6.829810259094028e+17
1598,5.412357770254044e+17
1599,4.420222094534836e+17
1600,5.0081783769071834e+17
1601,2.3237306531938714e+17
1602,3.8632363102836454e+17
1603,4.041249174650531e+17
1604,7.046005144740827e+17
1605,6.165050225736443e+17
1606,5.4659755077984576e+17
1607,8.620200326699377e+17
1608,5.6614717616280486e+17
1609,5.0979896040692845e+17
1610,4.60625308536576e+17
1611,5.3551841070031354e+17
1612,6.005045415007795e+17
1613,5.643902823615275e+17
1614,4.049917577137016e+17
1615,3.40214367774097e+17
1616,3.386457864458333e+17
1617,3.4126603025554726e+17
1618,3.7142343016201126e+17
1619,4.702831165926633e+17
1620,7.542001397768115e+17
1621,3.9631335778884454e+17
1622,4.9024736024185235e+17
1623,8.289473446401801e+17
1624,6.213680493528083e+17
1625,3.7540771296521555e+17
1626,6.097063349445078e+17
1627,5.3718271364333523e+17
1628,6.862470902790712e+17
1629,5.5176104555176064e+17
1630,1.083550922311786e+18
1631,6.250316271308122e+17
1632,7.380296827074687e+17
1633,4.5158408398678835e+17
1634,5.410219880015224e+17
1635,4.6428062116186157e+17
1636,4.9992023703382995e+17
1637,5.948106285192717e+17
1638,6.712131070259081e+17
1639,7.103570509945412e+17
1640,8.897837594554168e+17
1641,7.368206574715186e+17
1642,6.080503428491858e+17
1643,6.077318340191683e+17
1644,6.33726213848052e+17
1645,7.263725007120662e+17
1646,4.765597081106266e+17
1647,5.070258077660175e+17
1648,4.955212300495955e+17
1649,4.455414074594768e+17
1650,3.6929272235433926e+17
1651,3.649612989137688e+17
1652,3.060412604567631e+17
1653,3.638737300482227e+17
1654,4.8937458859576096e+17
1655,5.719303295571195e+17
1656,4.828884229073199e+17
1657,4.894993621105079e+17
1658,4.8190805957715475e+17
1659,3.558412366288721e+17
1660,4.817444479465168e+17
1661,9.617710431349564e+17
1662,8.473902012183103e+17
1663,8.592452258234377e+17
1664,1.1442692431217857e+18
1665,7.290041147170441e+17
1666,7.619659191010652e+17
1667,8.469222770721276e+17
1668,7.410784714907864e+17
1669,6.527589753908497e+17
1670,7.701715882486171e+17
1671,7.503299537314706e+17
1672,1.0472515595049161e+18
1673,7.239213022888407e+17
1674,6.745902812301573e+17
1675,5.777201091121078e+17
1676,5.562846380562651e+17
1677,5.782540933361876e+17
1678,1.0655996458775552e+18
1679,9.377297380891962e+17
1680,7.982841502246889e+17
1681,6.115337361840772e+17
1682,7.295849399346775e+17
1683,5.900062103557617e+17
1684,4.515277152609901e+17
1685,4.620716316888281e+17
1686,5.124611581844339e+17
1687,4.466045092755001e+17
1688,5.1712847217196064e+17
1689,5.05085780912001e+17
1690,4.8161248371308435e+17
1691,4.265074813654115e+17
1692,6.002154176910593e+17
1693,4.714737959955199e+17
1694,4.897736517658629e+17
1695,4.6507581384343366e+17
1696,7.40859511024751e+17
1697,4.650758138434323e+17
1698,8.708832215896492e+17
1699,1.1761303016377336e+18
1700,6.608992766797518e+17
1701,7.204142254586852e+17
1702,7.122067848848631e+17
1703,6.972255081167128e+17
1704,7.262590220799831e+17
1705,6.04944065869142e+17
1706,1.0655766819837965e+18
1707,6.030241409756406e+17
1708,5.887464106182647e+17
1709,6.424978660812292e+17
1710,6.099633778224444e+17
1711,5.654605068284565e+17
1712,7.70997439297588e+17
1713,7.108956384042566e+17
1714,7.314145468250463e+17
1715,5.130897653620201e+17
1716,5.1147869339015277e+17
1717,4.796251027343776e+17
1718,4.86282698641881e+17
1719,5.550401566959571e+17
1720,7.951693977428093e+17
1721,4.678056358263833e+17
1722,4.678056358263734e+17
1723,4.752563971356326e+17
1724,6.089032064169263e+17
1725,6.312354812927859e+17
1726,6.035025866295151e+17
1727,5.593510834119505e+17
1728,5.942243628105839e+17
1729,4.371600881176369e+17
1730,6.100757767677326e+17
1731,5.898903352870497e+17
1732,3.687045043562249e+17
1733,3.705226327139595e+17
1734,4.330915087742744e+17
1735,3.885404539740771e+17
1736,5.028607126193377e+17
1737,8.79689574462849e+17
1738,6.144550828258049e+17
1739,9.041121747460588e+17
1740,7.248047822591259e+17
1741,5.384725321623228e+17
1742,4.734127495607471e+17
1743,4.52812982572467e+17
1744,7.498713450480559e+17
1745,7.317622473633769e+17
1746,8.514351684187821e+17
1747,7.215078101148398e+17
1748,8.154630033574776e+17
1749,5.965822281912442e+17
1750,5.191501630831372e+17
1751,7.602230300984652e+17
1752,3.685975556293088e+17
1753,6.584553294218559e+17
1754,6.749093128539205e+17
1755,5.6483798054894554e+17
1756,3.819620188797546e+17
1757,3.664140191212032e+17
1758,5.86000096892234e+17
1759,7.867173559154258e+17
1760,6.570852530683972e+17
1761,5.5144832270244224e+17
1762,6.150907363377957e+17
1763,6.750415046443002e+17
1764,4.5369251596116595e+17
1765,7.208054033560585e+17
1766,6.21856066964948e+17
1767,6.705078168222452e+17
1768,4.874779909264334e+17
1769,5.6293962596179437e+17
1770,4.212040217437088e+17
1771,5.492536683578534e+17
1772,6.789995809715854e+17
1773,6.561070668242826e+17
1774,7.835954366717078e+17
1775,4.503361800607879e+17
1776,4.803822807805246e+17
1777,3.392457396604876e+17
1778,4.4124861515540294e+17
1779,5.3496435816542586e+17
1780,4.902749892469757e+17
1781,5.073957285907776e+17
1782,3.325871306773392e+17
1783,4.1927573559948397e+17
1784,3.725098640837446e+17
1785,4.53220504380598e+17
1786,2.2109576460665413e+18
1787,5.5097258077905254e+17
1788,2.556000629359455e+17
1789,3.580589693172147e+17
1790,3.0655927876242566e+17
1791,7.836617742266257e+17
1792,5.829302384721839e+17
1793,4.5656664319106554e+17
1794,4.0599625022365306e+17
1795,4.6889240368934925e+17
1796,5.0135047612085786e+17
1797,3.998272925919484e+17
1798,4.371505088827209e+17
1799,3.335155262018118e+17
1800,5.3427402641266394e+17
1801,4.753713567268854e+17
1802,1.1245724975491368e+18
1803,5.845609120978189e+17
1804,4.0354374697206074e+17
1805,4.4619187923605824e+17
1806,4.6422869969903034e+17
1807,6.085054728642698e+17
1808,4.521393600476531e+17
1809,4.6680536760624256e+17
1810,5.104083148892894e+17
1811,5.936399983022886e+17
1812,4.657584773560572e+17
1813,4.380974861283285e+17
1814,3.615625246378417e+17
1815,2.7057701421256006e+17
1816,3.363143884992785e+17
1817,4.888665774435987e+17
1818,6.452378963616367e+17
1819,4.047085281088458e+17
1820,3.4692525180181555e+17
1821,1.1200633329552223e+18
1822,4.768333630428942e+17
1823,3.469335011785439e+17
1824,6.104406919627684e+17
1825,5.667661916020482e+17
1826,4.19094801744507e+17
1827,4.18610091621963e+17
1828,5.3855325811607974e+17
1829,4.513627002866921e+17
1830,5.843039768601988e+17
1831,6.820663966485336e+17
1832,6.662613198351236e+17
1833,6.523799819434423e+17
1834,4.54298370983662e+17
1835,5.887323537312614e+17
1836,5.981369030720995e+17
1837,3.94677847352032e+17
1838,5.0300622180712186e+17
1839,2.9882779746537325e+17
1840,5.146147676583092e+17
1841,4.940301769519813e+17
1842,3.75883399059103e+17
1843,4.4646660617737965e+17
1844,4.51098569577622e+17
1845,9.137886938992069e+17
1846,4.8312452134507904e+17
1847,8.973255809080305e+17
1848,2.917987408174174e+17
1849,6.114509978038838e+17
1850,4.52878857983457e+17
1851,5.304674302814662e+17
1852,4.588491488278757e+17
1853,5.244518297083524e+17
1854,5.073114370462263e+17
1855,6.711261967655599e+17
1856,6.175701527778004e+17
1857,7.152659762133948e+17
1858,7.156519103391519e+17
1859,6.786531320529284e+17
1860,5.288432359248793e+17
1861,6.68926507359008e+17
1862,8.22071251302143e+17
1863,8.220712513022085e+17
1864,8.22071251302208e+17
1865,7.173606644427096e+17
1866,7.321244656614469e+17
1867,6.164620048413848e+17
1868,7.839492491136005e+17
1869,5.4993035486319654e+17
1870,5.3436789772913184e+17
1871,6.292738996693417e+17
1872,4.394463460386516e+17
1873,5.555851024689727e+17
1874,4.224627707491118e+17
1875,6.22829112827301e+17
1876,5.641497424787433e+17
1877,6.178927296354729e+17
1878,6.267543001945158e+17
1879,3.8644970013882086e+17
1880,4.046241384190529e+17
1881,6.884421675325856e+17
1882,6.720203061674826e+17
1883,5.300068885624622e+17
1884,5.818921285504745e+17
1885,6.475953326967247e+17
1886,7.798919454002272e+17
1887,6.049470789399731e+17
1888,6.8643804338218e+17
1889,4.131535537024737e+17
1890,4.8905446249258566e+17
1891,4.6669119966553837e+17
1892,4.1968150136325005e+17
1893,5.905101978510684e+17
1894,7.046479864603622e+17
1895,6.690583145008796e+17
1896,4.561070090811366e+17
1897,4.4412912192642176e+17
1898,3.922935114965286e+17
1899,5.2658715915255334e+17
1900,3.84517567383011e+17
1901,5.048481644256884e+17
1902,5.4164255028040275e+17
1903,7.783776564618938e+17
1904,6.0788386607298e+17
1905,8.320351449082629e+17
1906,6.245420241160292e+17
1907,9.080703096397869e+17
1908,3.2003887510266035e+17
1909,3.735787728055418e+17
1910,3.693810352736633e+17
1911,6.741785248806344e+17
1912,1.0970174896102911e+18
1913,1.0659463605739519e+18
1914,2.4020181660018323e+17
1915,7.063583575384753e+17
1916,3.581166364575767e+17
1917,6.921794064995972e+17
1918,3.962264571476621e+17
1919,5.785954327134575e+17
1920,6.705721274836868e+17
1921,8.672354239497669e+17
1922,6.990477755758203e+17
1923,7.688912237736137e+17
1924,7.509255736029084e+17
1925,6.423981074846289e+17
1926,8.452442862151407e+17
1927,4.280341053314923e+17
1928,5.996724277209428e+17
1929,3.559654366907819e+17
1930,5.291387977018775e+17
1931,4.005385648732392e+17
1932,3.977764340882029e+17
1933,5.6140958859002624e+17
1934,5.3095179141619936e+17
1935,4.480316411665033e+17
1936,5.322440885332165e+17
1937,5.301026987734874e+17
1938,5.859968875581512e+17
1939,7.125735989013615e+17
1940,5.3751455463013126e+17
1941,5.3178607483305344e+17
1942,5.340427691019804e+17
1943,5.642938032984642e+17
1944,7.57420409627577e+17
1945,8.0307010575453e+17
1946,6.154762070785014e+17
1947,7.273012656297009e+17
1948,6.248606697568462e+17
1949,7.178966208925158e+17
1950,5.3577344796512755e+17
1951,9.152453695315153e+17
1952,8.463037285098399e+17
1953,5.2612275930121043e+17
1954,7.018409408798424e+17
1955,4.2262212106736986e+17
1956,8.895325820940191e+17
1957,6.063836069420387e+17
1958,7.492829048455689e+17
1959,5.557264187828457e+17
1960,3.953034413386206e+17
1961,4.8714146623986035e+17
1962,3.078593888145201e+17
1963,3.0808219866227635e+17
1964,4.022769556320952e+17
1965,5.4108630064911226e+17
1966,4.46398459222269e+17
1967,6.733537375005715e+17
1968,1.150668488559417e+18
1969,8.311243709462683e+17
1970,9.693989288982354e+17
1971,9.271845792708991e+17
1972,7.885896598823464e+17
1973,6.2679194360261e+17
1974,7.321842677991276e+17
1975,1.055908296393782e+18
1976,6.710139931087104e+17
1977,8.737153369821751e+17
1978,9.358880909306436e+17
1979,7.870883356741527e+17
1980,5.7422699489324154e+17
1981,7.666103647169348e+17
1982,5.710903011183522e+17
1983,5.637643133238654e+17
1984,4.9348512783846906e+17
1985,6.214533136506103e+17
1986,6.755626162681356e+17
1987,5.2545543011920525e+17
1988,4.825467811177493e+17
1989,5.2900540290096416e+17
1990,5.83821892887595e+17
1991,5.782540933362383e+17
1992,6.057805565327954e+17
1993,4.3850287732081197e+17
1994,7.006063736086218e+17
1995,5.233647069732999e+17
1996,7.002629546176315e+17
1997,7.720581381776137e+17
1998,8.577131303790452e+17
1999,6.669086781256172e+17
2000,7.759075804043185e+17
2001,8.573781817878313e+17
2002,6.724226456058304e+17
2003,6.672849914207638e+17
2004,5.916064494890574e+17
2005,6.190381932193594e+17
2006,5.765619852241492e+17
2007,6.970891880358881e+17
2008,5.1951767269751136e+17
2009,6.354093382648801e+17
2010,5.1649028579219904e+17
2011,4.9413455533331456e+17
2012,4.8796243162508275e+17
2013,4.911100020498381e+17
2014,5.3646203996424166e+17
2015,5.1941555018784896e+17
2016,5.21744006662254e+17
2017,5.370047074543053e+17
2018,5.7434506393733965e+17
2019,3.6963139332291744e+17
2020,3.816726193465722e+17
2021,3.67180484997548e+17
2022,6.076344566290702e+17
2023,7.133079837673364e+17
2024,8.528839394694285e+17
2025,9.634715275678648e+17
2026,5.2325264906548294e+17
2027,3.756140604886711e+17
2028,4.335284007747577e+17
2029,4.817150312676003e+17
2030,6.975361505775697e+17
2031,5.590605954904895e+17
2032,6.044768235268072e+17
2033,6.640051051700499e+17
2034,4.370619444352254e+17
2035,5.562342057334139e+17
2036,5.344599502103401e+17
2037,5.404575811646889e+17
2038,9.834727074953754e+17
2039,6.602077107183555e+17
2040,9.579495498608261e+17
2041,7.932589730480869e+17
2042,5.720319837850965e+17
2043,6.066242039212974e+17
2044,7.33366478267356e+17
2045,7.44781886046276e+17
2046,6.823915244327361e+17
2047,4.605325091159897e+17
2048,4.827337900340459e+17
2049,7.256446487506202e+17
2050,5.257283736724844e+17
2051,4.4830897452870726e+17
2052,4.678056358264381e+17
2053,4.7419111279440275e+17
2054,2.8436338468993702e+17
2055,6.385217026099032e+17
2056,6.406391759674237e+17
2057,4.3978332382020134e+17
2058,6.457935948211205e+17
2059,5.098319590737882e+17
2060,6.183483479717864e+17
2061,6.717158295109609e+17
2062,4.7050449625515834e+17
2063,3.7529429856964166e+17
2064,5.2762986566537325e+17
2065,4.2948110613042534e+17
2066,7.692518682941462e+17
2067,7.7989845273052e+17
2068,7.659582403478629e+17
2069,3.84201675409651e+17
2070,3.9621255312416806e+17
2071,2.8219514118075334e+17
2072,5.7108172148199866e+17
2073,4.47969689406833e+17
2074,5.566296134168835e+17
2075,4.601597772704856e+17
2076,3.717116774942918e+17
2077,6.298027314210159e+17
2078,5.0004860094959936e+17
2079,4.482130846604278e+17
2080,4.142792446781416e+17
2081,4.49547017114721e+17
2082,7.558798424485976e+17
2083,5.519564430356608e+17
2084,3.464449277888708e+17
2085,4.690654355638869e+17
2086,4.975170383269797e+17
2087,4.769353994577695e+17
2088,4.2175665711199834e+17
2089,2.8219514118076256e+17
2090,4.515277152610718e+17
2091,6.479543869968232e+17
2092,5.787162965656236e+17
2093,5.6310860637838854e+17
2094,4.3340130505404275e+17
2095,4.870433187287965e+17
2096,3.8679376041648365e+17
2097,3.665520045216638e+17
2098,5.027624632168429e+17
2099,1.7091283104242666e+17
2100,6.92146100987119e+17
2101,5.089135483912209e+17
2102,4.541507645851189e+17
2103,3.674777272467495e+17
2104,7.841858569967927e+17
2105,5.095379583217769e+17
2106,3.763195957420328e+17
2107,7.88123562121586e+17
2108,4.14996792653914e+17
2109,4.6395671476054125e+17
2110,5.414905430672916e+17
2111,6.081640808919149e+17
2112,6.036021257375853e+17
2113,4.3399398221999955e+17
2114,4.240733428476006e+17
2115,5.6298332145690944e+17
2116,3.985166502686954e+17
2117,5.154100340446514e+17
2118,4.6610870463533914e+17
2119,4.2585828522796954e+17
2120,3.682617597936136e+17
2121,3.827213596788133e+17
2122,3.635285839560198e+17
2123,3.572323978492945e+17
2124,7.324550895018499e+17
2125,6.548436801225882e+17
2126,6.086711128750959e+17
2127,6.719243926634467e+17
2128,5.0412127520850125e+17
2129,3.225087327780102e+17
2130,4.796523409199761e+17
2131,1.6213082372956892e+18
2132,4.552684289329935e+17
2133,4.367305756369221e+17
2134,4.2216263379748826e+17
2135,3.255626395726867e+17
2136,4.5269993342583136e+17
2137,4.4278712954585984e+17
2138,4.605010455615487e+17
2139,4.669049545315275e+17
2140,4.233293744224453e+17
2141,4.5117821156494406e+17
2142,4.525580118026629e+17
2143,6.674630672910601e+17
2144,4.867602429467771e+17
2145,4.087863737117893e+17
2146,5.102339253833762e+17
2147,7.4777294206791e+17
2148,4.695508798652698e+17
2149,3.867814218590267e+17
2150,6.453167905586939e+17
2151,3.526788325324476e+17
2152,6.45307459204092e+17
2153,6.414330506215603e+17
2154,3.705226327139464e+17
2155,3.9345870300282016e+17
2156,8.109961341466232e+17
2157,6.946715757419995e+17
2158,6.920487227643067e+17
2159,7.079486951115715e+17
2160,4.0953439068050963e+17
2161,6.781921919746964e+17
2162,9.744613390475453e+17
2163,7.522108931470362e+17
2164,6.438221441531528e+17
2165,8.478898867873729e+17
2166,4.2216866175006394e+17
2167,6.071227537861605e+17
2168,5.525581277585466e+17
2169,5.0734313491212563e+17
2170,5.74872902679003e+17
2171,5.068398883427508e+17
2172,4.544684162955721e+17
2173,7.902777155064169e+17
2174,7.16904829251733e+17
2175,7.008425204916526e+17
2176,7.63885527309401e+17
2177,7.14060599010308e+17
2178,5.487204360480378e+17
2179,3.620033972112204e+17
2180,8.186087914620449e+17
2181,6.070174376417084e+17
2182,6.572746904976113e+17
2183,5.71964905578747e+17
2184,4.639947523102588e+17
2185,4.5065645027327846e+17
2186,4.8247127093157485e+17
2187,4.984264897961953e+17
2188,4.328132620396675e+17
2189,1.688895742307175e+18
2190,5.0932143851786784e+17
2191,5.093214385178529e+17
2192,3.3621498153675117e+17
2193,3.3940000671255744e+17
2194,4.523906371844666e+17
2195,3.9779525983859846e+17
2196,5.230822420187227e+17
2197,4.6921494288397574e+17
2198,6.023334094849778e+17
2199,7.344550187303807e+17
2200,4.1518550131176083e+17
2201,4.016495879568977e+17
2202,4.8173731454285664e+17
2203,5.017347920843813e+17
2204,6.785825335753805e+17
2205,4.809740483733577e+17
2206,4.6260336812824026e+17
2207,6.012502030193624e+17
2208,7.127995990684054e+17
2209,8.069795321413894e+17
2210,3.2330081127392704e+17
2211,3.971810835115265e+17
2212,3.8613476280952704e+17
2213,4.1167272729412256e+17
2214,5.842082476329304e+17
2215,3.916760550918684e+17
2216,6.47323150281863e+17
2217,3.240734500289799e+17
2218,4.682695008210063e+17
2219,3.6447613236102496e+17
2220,2.643897539873523e+17
2221,7.06358357538476e+17
2222,7.055006662590491e+17
2223,8.638027544376143e+17
2224,5.644096440762976e+17
2225,6.013017846295825e+17
2226,7.217927674687277e+17
2227,6.432482468111409e+17
2228,6.550921740040463e+17
2229,5.6545666323039405e+17
2230,4.531963586398553e+17
2231,4.9770932361821466e+17
2232,6.278002024780404e+17
2233,5.4770001919250765e+17
2234,6.140522157604883e+17
2235,7.144877190018072e+17
2236,7.311940538737741e+17
2237,8.387502655940625e+17
2238,5.760566059905141e+17
2239,4.585671044187283e+17
2240,5.0700093760062125e+17
2241,5.612944762958588e+17
2242,4.435842065541996e+17
2243,5.0975558832272685e+17
2244,3.178872717656343e+17
2245,3.187367862970752e+17
2246,4.951615391009423e+17
2247,3.418364234658196e+17
2248,3.4742474692487366e+17
2249,3.605297000199169e+17
2250,3.796416258420415e+17
2251,6.306213965606388e+17
2252,6.739026471891864e+17
2253,4.5102570231820224e+17
2254,5.55707799365741e+17
2255,5.5959984475128794e+17
2256,4.665197319735959e+17
2257,6.71096402894109e+17
2258,4.988822978810179e+17
2259,5.289120569359835e+17
2260,4.747261437456024e+17
2261,4.9759998925369914e+17
2262,5.631843689954933e+17
2263,7.737318605681467e+17
2264,9.844725635609684e+17
2265,6.145045013922006e+17
2266,6.840355701840224e+17
2267,9.523269856589832e+17
2268,8.744265832575409e+17
2269,5.414758604543554e+17
2270,4.5833651940867565e+17
2271,7.1359969802499e+17
2272,6.384009909083562e+17
2273,5.0175447535940365e+17
2274,5.783030627706679e+17
2275,5.320480984705026e+17
2276,6.851317108378452e+17
2277,6.53105076261606e+17
2278,6.1321596154445e+17
2279,5.0900590356790784e+17
2280,3.8661747835325235e+17
2281,5.6145074964102304e+17
2282,5.6823062400217197e+17
2283,3.368140949623432e+17
2284,3.915573754172481e+17
2285,4.497355369311868e+17
2286,4.213555324402282e+17
2287,7.734337772925509e+17
2288,7.113669183932408e+17
2289,9.049379663724325e+17
2290,9.705635881149207e+17
2291,7.637873880085636e+17
2292,8.730818192487457e+17
2293,1.0878189010597393e+18
2294,9.310322273921156e+17
2295,9.759900224843242e+17
2296,7.785037602746854e+17
2297,6.388566593698177e+17
2298,7.567197089401321e+17
2299,9.696793987829606e+17
2300,7.511470303137327e+17
2301,5.666768996352808e+17
2302,6.882710587555314e+17
2303,7.237656909053644e+17
2304,6.512308331741553e+17
2305,5.5447121916440774e+17
2306,5.5593285176574074e+17
2307,5.787403249459546e+17
2308,6.527901614345284e+17
2309,6.697924386702871e+17
2310,5.5620551489937786e+17
2311,5.98918604266332e+17
2312,4.6832504509310656e+17
2313,4.763369303852446e+17
2314,4.2557197590511123e+17
2315,4.6153566455580896e+17
2316,5.030248002232414e+17
2317,5.6501306154695296e+17
2318,4.664132443355816e+17
2319,4.51527715261044e+17
2320,5.285422559239477e+17
2321,6.809950112818707e+17
2322,5.3163548918887917e+17
2323,4.8314889751552723e+17
2324,4.483156889063009e+17
2325,6.407309907291898e+17
2326,4.530286736411608e+17
2327,5.7621060186016346e+17
2328,5.946959556971712e+17
2329,5.50149196577379e+17
2330,5.4080251174927635e+17
2331,9.122161676315361e+17
2332,9.953505809714949e+17
2333,8.369020338596375e+17
2334,7.219972887556915e+17
2335,6.867378427085908e+17
2336,8.127078764327346e+17
2337,5.748886135066853e+17
2338,6.584101856017903e+17
2339,6.446490066786075e+17
2340,8.395990444795706e+17
2341,6.416579995896507e+17
2342,6.527109629649466e+17
2343,6.396195433459702e+17
2344,6.116700940198684e+17
2345,6.525099718928049e+17
2346,5.6208458034060864e+17
2347,5.60610883149334e+17
2348,5.588457566515483e+17
2349,4.773080283842487e+17
2350,5.929508305853911e+17
2351,6.653961219393676e+17
2352,7.0758751918099e+17
2353,7.436645136488512e+17
2354,4.619265703851979e+17
2355,4.799836999548078e+17
2356,4.6590410607110214e+17
2357,6.245754547274999e+17
2358,5.721263735623894e+17
2359,3.9194692100044736e+17
2360,4.4722732348464576e+17
2361,4.4396743949230195e+17
2362,7.880454635919579e+17
2363,4.424848299070616e+17
2364,4.519008182724329e+17
2365,5.862524599369115e+17
2366,4.840997701406016e+17
2367,6.589283204762442e+17
2368,5.761006614223077e+17
2369,6.508965309974422e+17
2370,4.7223445482580026e+17
2371,4.8797244741477005e+17
2372,5.7069088291369325e+17
2373,6.546493374107583e+17
2374,7.490879518831585e+17
2375,8.399673180256852e+17
2376,1.0153055738911085e+18
2377,1.2306076629615767e+18
2378,4.890877531984065e+17
2379,8.079841867452013e+17
2380,4.654578116082823e+17
2381,5.5192383177570624e+17
2382,6.899586384523025e+17
2383,6.693735938127816e+17
2384,6.612741946375607e+17
2385,4.660456536416925e+17
2386,5.0035234591181395e+17
2387,4.802367997641125e+17
2388,5.411540284251746e+17
2389,5.0032673793775904e+17
2390,5.4197802800560595e+17
2391,4.1105432469313696e+17
2392,3.7542032174938195e+17
2393,5.1032543810325395e+17
2394,4.4197316472031443e+17
2395,6.207222699661562e+17
2396,6.920663108531261e+17
2397,7.074134635371604e+17
2398,4.364442520373528e+17
2399,2.8234034748518426e+17
2400,2.3415902174289354e+17
2401,4.218769527957485e+17
2402,4.878003898439258e+17
2403,6.550958634554445e+17
2404,5.536844262362824e+17
2405,5.32742424690177e+17
2406,4.008380379571045e+17
2407,4.3138516544196365e+17
2408,4.447564772786155e+17
2409,4.8040363320059437e+17
2410,7.650594161109665e+17
2411,3.9174159831411066e+17
2412,6.040699911827788e+17
2413,5.1320559634477434e+17
2414,4.946731793287385e+17
2415,6.550958634554433e+17
2416,4.020270827373704e+17
2417,6.295141184744861e+17
2418,5.283966303478366e+17
2419,5.3488809210446336e+17
2420,3.955501528573467e+17
2421,7.801380882836236e+17
2422,3.906207381453031e+17
2423,5.305588401612549e+17
2424,1.3110009157559122e+18
2425,9.196444362779421e+17
2426,4.578348802966885e+17
2427,4.7253531306802886e+17
2428,6.641673238724333e+17
2429,3.739019480345231e+17
2430,4.082610490089293e+17
2431,5.320250983412731e+17
2432,4.4184628974157766e+17
2433,4.96892143785657e+17
2434,5.281433503894025e+17
2435,6.189993354850673e+17
2436,4.089603564487703e+17
2437,4.5267754351170374e+17
2438,4.00486657542144e+17
2439,4.055763824036061e+17
2440,4.527156857034713e+17
2441,4.361412692505379e+17
2442,4.0607544869322605e+17
2443,4.560255589372291e+17
2444,3.856600017122947e+17
2445,4.910882613682757e+17
2446,6.158306618232056e+17
2447,5.5865798036977664e+17
2448,5.777343452862359e+17
2449,3.835591950901949e+17
2450,5.51900060601952e+17
2451,4.2570983211768896e+17
2452,7.906294704065591e+17
2453,4.27971486532316e+17
2454,6.110088784996737e+17
2455,4.65520512341973e+17
2456,4.954055265989948e+17
2457,4.178008297188875e+17
2458,3.82942133192194e+17
2459,3.7122098929137466e+17
2460,4.717887976222599e+17
2461,4.6770970512093126e+17
2462,5.0939966056037024e+17
2463,4.613016378283657e+17
2464,6.950724323837764e+17
2465,4.4042023446560275e+17
2466,4.791007673492218e+17
2467,4.1978937844109555e+17
2468,4.474344760244059e+17
2469,4.559881125985855e+17
2470,8.0839169132911e+17
2471,6.88527421568173e+17
2472,6.899357933000498e+17
2473,4.797171545682938e+17
2474,6.445323312069551e+17
2475,7.395229606397349e+17
2476,4.343320531597115e+17
2477,4.293990452524799e+17
2478,6.174492559991172e+17
2479,4.555596742638335e+17
2480,5.750010652844027e+17
2481,5.919673302015032e+17
2482,3.733871338499918e+17
2483,4.365527191996771e+17
2484,5.0338138659899085e+17
2485,4.7237153272400614e+17
2486,6.888043174821249e+17
2487,8.980166965453862e+17
2488,4.409738373596372e+17
2489,5.594185796286156e+17
2490,6.714720948957386e+17
2491,4.4123506566038637e+17
2492,8.283262092575612e+17
2493,5.794076984175466e+17
2494,7.020804004516256e+17
2495,5.3837412360521216e+17
2496,1.0453833866880353e+18
2497,5.470596026732442e+17
2498,3.668596388167794e+17
2499,4.169185039255385e+17
2500,5.902240390965683e+17
2501,5.6851461927814317e+17
2502,5.4327214381293056e+17
2503,4.9014241415494e+17
2504,6.076392804739135e+17
2505,6.281633202304326e+17
2506,6.934872772913864e+17
2507,8.986571460222428e+17
2508,6.93487277291369e+17
2509,6.493950458923288e+17
2510,6.304647615310278e+17
2511,5.3331522217204506e+17
2512,5.525934962501789e+17
2513,6.532730520094085e+17
2514,9.336197629327188e+17
2515,4.3407359386313504e+17
2516,4.089214053340319e+17
2517,4.194771187890895e+17
2518,4.6555967490453434e+17
2519,5.95205047658964e+17
2520,5.4415658505732256e+17
2521,5.240946694994269e+17
2522,5.927842127785175e+17
2523,3.819948206659649e+17
2524,4.351274592775666e+17
2525,4.3075210723790906e+17
2526,4.415343559546956e+17
2527,4.65949962837932e+17
2528,4.592593163919846e+17
2529,3.688025406892539e+17
2530,3.817440303821566e+17
2531,7.151326204330609e+17
2532,6.109702085789175e+17
2533,5.352007993617425e+17
2534,7.664682476389004e+17
2535,8.354646433613501e+17
2536,6.797915938494004e+17
2537,5.712853230521864e+17
2538,4.577300190421027e+17
2539,5.0650535701796986e+17
2540,5.5851121692031725e+17
2541,4.60734476026614e+17
2542,4.7633693038526624e+17
2543,4.013995187734565e+17
2544,6.271673226649382e+17
2545,4.907649803261514e+17
2546,4.951012968037844e+17
2547,4.447657840620766e+17
2548,7.132678855930621e+17
2549,4.486767422709824e+17
2550,2.1752985869567327e+18
2551,4.6597820815269306e+17
2552,5.7091494219282246e+17
2553,5.0932143851785056e+17
2554,5.018202287366403e+17
2555,3.947446777974371e+17
2556,3.273570750653254e+17
2557,3.689005770222553e+17
2558,8.071250681660668e+17
2559,6.029166889091361e+17
2560,4.300926827021163e+17
2561,3.474510746298976e+17
2562,4.8043850612747686e+17
2563,4.4330448415540154e+17
2564,5.3488996063639674e+17
2565,5.420382670336686e+17
2566,6.300141467863155e+17
2567,4.437863203559649e+17
2568,8.650043772582565e+17
2569,6.321064460065628e+17
2570,3.287275160486471e+17
2571,7.054878529518694e+17
2572,4.338293389427045e+17
2573,7.160747638418799e+17
2574,1.1990273131257385e+18
2575,4.048411651849182e+17
2576,5.262551110534814e+17
2577,5.79765811482365e+17
2578,3.4266552857668e+17
2579,6.027072808002505e+17
2580,6.276036582760397e+17
2581,4.592066576600209e+17
2582,4.3056012695076077e+17
2583,6.97564395094259e+17
2584,5.610260380271208e+17
2585,5.886737117331268e+17
2586,6.040919956623411e+17
2587,6.322362587577477e+17
2588,4.9552877297706675e+17
2589,4.4032898144299354e+17
2590,6.387776637741462e+17
2591,9.946110502273316e+17
2592,7.092672521642669e+17
2593,6.623708711408864e+17
2594,5.381646847792769e+17
2595,5.5417888960438394e+17
2596,8.189562699438911e+17
2597,6.261204694949128e+17
2598,7.570010161143715e+17
2599,7.659582403478621e+17
2600,8.992706648826209e+17
2601,5.753262916118297e+17
2602,3.4089170971130886e+17
2603,3.195848295366835e+17
2604,3.420681457074953e+17
2605,3.3864578644584026e+17
2606,4.334046663200472e+17
2607,5.821457480684214e+17
2608,7.251667081644645e+17
2609,4.4881743189027923e+17
2610,3.413611292133384e+17
2611,6.871840551096319e+17
2612,5.063482460653025e+17
2613,3.479773153472427e+17
2614,3.775898636312447e+17
2615,6.580751501424155e+17
2616,4.3725590113227795e+17
2617,7.68657801171919e+17
2618,5.866113604925807e+17
2619,7.772964379845993e+17
2620,4.902559627750238e+17
2621,5.062323127214074e+17
2622,5.3604895615322925e+17
2623,6.493024669723525e+17
2624,8.169733932408707e+17
2625,9.951990374611035e+17
2626,4.9738487657886214e+17
2627,5.0588804670901523e+17
2628,8.822071133911209e+17
2629,1.0146112599343082e+18
2630,7.393783344810317e+17
2631,9.57476819986261e+17
2632,8.651246825516301e+17
2633,7.30380244456877e+17
2634,8.5448318664856e+17
2635,4.728711823656732e+17
2636,5.795079019440695e+17
2637,4.645433591913117e+17
2638,6.821623880390205e+17
2639,6.336463141765659e+17
2640,4.6991522752505395e+17
2641,4.920878526262345e+17
2642,6.028523104303273e+17
2643,3.3403342806224435e+17
2644,4.4500999477341715e+17
2645,3.1731958142374886e+17
2646,2.984257449630496e+17
2647,3.3743796253608915e+17
2648,4.867555463052196e+17
2649,6.173383729335251e+17
2650,5.43027634119783e+17
2651,4.800453692498522e+17
2652,9.124979080604493e+17
2653,6.794519917119985e+17
2654,7.311053828110806e+17
2655,7.978484559986403e+17
2656,6.877880362182941e+17
2657,7.876485113405243e+17
2658,7.168095003002758e+17
2659,7.100063127002053e+17
2660,8.197054250262524e+17
2661,7.635004457799016e+17
2662,7.598070183107156e+17
2663,7.055618449783712e+17
2664,6.615131099026103e+17
2665,7.171248313973746e+17
2666,7.033074309836677e+17
2667,4.515277152610033e+17
2668,4.60934773158884e+17
2669,5.5683148393703955e+17
2670,7.06362286356359e+17
2671,4.6093477315890176e+17
2672,5.800210541381056e+17
2673,6.469428056506415e+17
2674,6.635549383561106e+17
2675,4.797063650116574e+17
2676,5.063262416682324e+17
2677,6.068551951910825e+17
2678,7.037789607619197e+17
2679,6.406007155269366e+17
2680,7.176244418883286e+17
2681,9.206223771176571e+17
2682,8.493276333171293e+17
2683,1.4127327489950154e+18
2684,8.23666164824e+17
2685,1.1216696959965303e+18
2686,6.388524474448317e+17
2687,7.152096797821787e+17
2688,6.31579601690321e+17
2689,5.3688858559231546e+17
2690,9.923267115882042e+17
2691,5.321576644148318e+17
2692,4.797776641628523e+17
2693,5.879065441266136e+17
2694,4.7494450100505606e+17
2695,5.3339674219141523e+17
2696,5.010313097665973e+17
2697,5.746234148440778e+17
2698,5.390202988622259e+17
2699,5.951234817302254e+17
2700,5.1353640565152576e+17
2701,4.065227787572209e+17
2702,4.152148930358215e+17
2703,6.422747699767249e+17
2704,5.216921080298764e+17
2705,4.181517800982646e+17
2706,4.3805222211740256e+17
2707,3.900513956671487e+17
2708,4.363572681682668e+17
2709,3.887187018522779e+17
2710,4.0167384758473344e+17
2711,1.1204157969451634e+18
2712,9.139772516748956e+17
2713,4.799836999548885e+17
2714,4.661563657623227e+17
2715,4.7734567254974874e+17
2716,3.3272804304212755e+17
2717,5.3319560971248806e+17
2718,6.584553294219017e+17
2719,5.1044152752550317e+17
2720,5.787925584754752e+17
2721,4.4810543592494694e+17
2722,6.486655492932795e+17
2723,4.166282672774004e+17
2724,3.8517296960224096e+17
2725,4.4847084407526886e+17
2726,5.653409770274771e+17
2727,7.242826589669946e+17
2728,7.882308023707194e+17
2729,4.49774334043977e+17
2730,5.297093237157505e+17
2731,3.477812426812646e+17
2732,4.4031991151303264e+17
2733,6.13957044306855e+17
2734,6.863215774668873e+17
2735,5.230653405877364e+17
2736,5.781203635525779e+17
2737,3.973889415136997e+17
2738,6.6517426135475e+17
2739,5.3160556215465837e+17
2740,4.232927117711178e+17
2741,5.824457894998464e+17
2742,5.6761003492877056e+17
2743,6.447750880320146e+17
2744,4.801508963187385e+17
2745,4.482737206772559e+17
2746,4.291570669642211e+17
2747,6.915457155953592e+17
2748,5.0196385854000634e+17
2749,4.263821602620413e+17
2750,6.281126852686574e+17
2751,3.7782507317894854e+17
2752,8.808704130910618e+17
2753,5.937769903588271e+17
2754,8.26307776729191e+17
2755,4.6303592251417536e+17
2756,2.994124042586701e+17
2757,3.0025227075028186e+17
2758,2.4261091410635126e+17
2759,4.949473195033963e+17
2760,5.6585611858442995e+17
2761,4.8781040984355046e+17
2762,5.147044120270232e+17
2763,7.628842473457228e+17
2764,6.507996158838981e+17
2765,9.235542370675635e+17
2766,5.085759407475336e+17
2767,4.598040764396957e+17
2768,6.53416130472208e+17
2769,4.898838123196118e+17
2770,4.4604036853959424e+17
2771,3.6699332472540934e+17
2772,4.389250883466104e+17
2773,6.310281337656955e+17
2774,6.061399173715178e+17
2775,5.863460902822668e+17
2776,4.970240774659575e+17
2777,4.771468110616166e+17
2778,3.1135564980913146e+17
2779,6.321044166932351e+17
2780,4.491229340767253e+17
2781,3.5442365945918605e+17
2782,3.6921190921296326e+17
2783,4.318965736847588e+17
2784,4.0826945486504486e+17
2785,4.92888377802533e+17
2786,2.1031471280262774e+17
2787,4.364434096662366e+17
2788,3.5367574093146285e+17
2789,6.906990415170775e+17
2790,3.8702375593803923e+17
2791,4.0313591597254675e+17
2792,4.283319107208576e+17
2793,5.930622320277363e+17
2794,3.957329590514915e+17
2795,4.2794376327286035e+17
2796,3.4266552857654624e+17
2797,8.521274266900369e+17
2798,4.748816997670476e+17
2799,4.184212511672488e+17
2800,3.4856221453302906e+17
2801,4.1627126498317037e+17
2802,5.31282504503772e+17
2803,8.066917651909594e+17
2804,7.250756590009509e+17
2805,4.5626712200554394e+17
2806,3.702084399271108e+17
2807,5.301344203753382e+17
2808,4.537517283924949e+17
2809,3.9676979649098566e+17
2810,4.515985878000494e+17
2811,8.177031416729468e+17
2812,4.455819010790504e+17
2813,8.260086944980058e+17
2814,8.22754582332347e+17
2815,3.661817903415259e+17
2816,9.410077670610213e+17
2817,5.917733190141604e+17
2818,3.775060886510221e+17
2819,7.376317390598144e+17
2820,5.825281449627387e+17
2821,4.078808074350922e+17
2822,7.10804151425869e+17
2823,1.1425307416143492e+18
2824,8.898085851458513e+17
2825,6.578735247521984e+17
2826,4.438694408155423e+17
2827,5.625291074200667e+17
2828,8.157082788623192e+17
2829,8.269233745408815e+17
2830,6.630414566596429e+17
2831,5.1078193173899206e+17
2832,7.894645651432488e+17
2833,6.781372879664739e+17
2834,5.698936395936131e+17
2835,6.782713527878783e+17
2836,4.9186893613938605e+17
2837,5.904696171826561e+17
2838,4.6192657038511674e+17
2839,4.751667163731593e+17
2840,6.059447605201192e+17
2841,5.4309499932752256e+17
2842,5.731702224616049e+17
2843,4.334632486409766e+17
2844,6.304544280390019e+17
2845,3.6671704051417766e+17
2846,5.5098178143407974e+17
2847,5.417108222403346e+17
2848,5.782628158774638e+17
2849,5.738899165379987e+17
2850,6.910606170313519e+17
2851,6.443212849661606e+17
2852,6.308360234689596e+17
2853,6.14795797767167e+17
2854,3.62493578876303e+17
2855,5.926196055791725e+17
2856,5.3482645139862176e+17
2857,4.9487339312392595e+17
2858,5.6990756073006394e+17
2859,5.2571765199857645e+17
2860,4.344696393157847e+17
2861,5.013902947084853e+17
2862,5.225608241557015e+17
2863,4.4777145109078803e+17
2864,7.194546050815162e+17
2865,4.666911996655381e+17
2866,5.553548292012268e+17
2867,3.245310506600597e+17
2868,4.5412031986144864e+17
2869,5.7435818587003066e+17
2870,6.402137733438492e+17
2871,1.1089265315373174e+18
2872,2.091267564106568e+17
2873,4.9643402883136877e+17
2874,5.5132438662265184e+17
2875,4.553715912574151e+17
2876,4.658480869818534e+17
2877,4.709922156126763e+17
2878,5.073484492905616e+17
2879,5.1707172988291725e+17
2880,4.4238522319248486e+17
2881,5.196473869510064e+17
2882,6.01335742082695e+17
2883,5.880347524696319e+17
2884,5.400530295478917e+17
2885,6.122431303771768e+17
2886,7.53596700137752e+17
2887,4.125731280481239e+17
2888,4.498217440561052e+17
2889,2.8751979521210838e+17
2890,2.6917721056077098e+17
2891,5.4047482446721875e+17
2892,3.2230497281193005e+17
2893,5.213035003918685e+17
2894,3.219754982589747e+17
2895,7.652086486474298e+17
2896,7.063027817110004e+17
2897,6.893075421071046e+17
2898,6.98768921019152e+17
2899,6.261204694948893e+17
2900,5.150720231102378e+17
2901,7.013905706942455e+17
2902,6.231035394234817e+17
2903,8.402480591202708e+17
2904,7.848048389290158e+17
2905,7.073908868300114e+17
2906,5.873216705689043e+17
2907,4.042927990183423e+17
2908,3.7117388313246016e+17
2909,6.950576687621189e+17
2910,2.692102144783241e+17
2911,3.408917097113094e+17
2912,6.470189911713172e+17
2913,3.4228204316135795e+17
2914,3.386457864458396e+17
2915,3.3864578644583264e+17
2916,3.4089170971130355e+17
2917,5.249070630113336e+17
2918,4.116255165693074e+17
2919,6.261074282360586e+17
